[
	{
		"id": 1,
		"name": "Max",
		"type": "Dog",
		"breed": "Golden Retriever",
		"ageMonths": 24,
		"gender": "Male",
		"description": "Max is a friendly, energetic dog who loves to play fetch and go for long walks. Great with children!",
		"imageUrl": "https://cdn-icons-png.flaticon.com/512/8876/8876600.png",
		"price": 350.00,
		"houseTrained": 1
	},
	{
		"id": 2,
		"name": "Luna",
		"type": "Cat",
		"breed": "Siamese",
		"ageMonths": 36,
		"gender": "Female",
		"description": "Luna is a quiet and affectionate cat who loves to curl up in laps. Perfect for a calm household.",
		"imageUrl": "https://cdn-icons-png.freepik.com/256/6988/6988878.png?semt=ais_hybrid",
		"price": 200.00,
		"houseTrained": 1
	},
	{
		"id": 3,
		"name": "Charlie",
		"type": "Bird",
		"breed": "Budgie",
		"ageMonths": 12,
		"gender": "Male",
		"description": "Charlie is a cheerful budgie who loves to whistle and interact with people.",
		"imageUrl": "https://cdn-icons-png.flaticon.com/512/760/760921.png",
		"price": 75.00,
		"houseTrained": 0
	},
	{
		"id": 4,
		"name": "Bella",
		"type": "Dog",
		"breed": "Beagle",
		"ageMonths": 48,
		"gender": "Female",
		"description": "Bella is a sweet and gentle dog who loves treats and belly rubs. Good with other pets.",
		"imageUrl": "https://cdn-icons-png.flaticon.com/512/8876/8876600.png",
		"price": 300.00,
		"houseTrained": 1
	},
	{
		"id": 5,
		"name": "Oliver",
		"type": "Cat",
		"breed": "Maine Coon",
		"ageMonths": 28,
		"gender": "Male",
		"description": "Oliver is a playful and large cat who enjoys climbing and playing with toys.",
		"imageUrl": "https://cdn-icons-png.freepik.com/256/6988/6988878.png?semt=ais_hybrid",
		"price": 250.00,
		"houseTrained": 1
	},
	{
		"id": 6,
		"name": "Polly",
		"type": "Bird",
		"breed": "Cockatiel",
		"ageMonths": 15,
		"gender": "Female",
		"description": "Polly is a social bird who loves to sing and be around people.",
		"imageUrl": "https://cdn-icons-png.flaticon.com/512/760/760921.png",
		"price": 125.00,
		"houseTrained": 0
	},
	{
		"id": 7,
		"name": "Rocky",
		"type": "Dog",
		"breed": "German Shepherd",
		"ageMonths": 18,
		"gender": "Male",
		"description": "Rocky is an intelligent and loyal dog, perfect for an active family. Great guard dog potential.",
		"imageUrl": "https://cdn-icons-png.flaticon.com/512/8876/8876600.png",
		"price": 400.00,
		"houseTrained": 1
	},
	{
		"id": 8,
		"name": "Milo",
		"type": "Cat",
		"breed": "Persian",
		"ageMonths": 60,
		"gender": "Male",
		"description": "Milo is a laid-back Persian who enjoys lounging and being brushed. Very low energy.",
		"imageUrl": "https://cdn-icons-png.freepik.com/256/6988/6988878.png?semt=ais_hybrid",
		"price": 275.00,
		"houseTrained": 1
	},
	{
		"id": 9,
		"name": "Rio",
		"type": "Bird",
		"breed": "Parrot",
		"ageMonths": 24,
		"gender": "Male",
		"description": "Rio is a colorful and talkative parrot who knows several words and loves attention.",
		"imageUrl": "https://cdn-icons-png.flaticon.com/512/760/760921.png",
		"price": 150.00,
		"houseTrained": 0
	},
	{
		"id": 10,
		"name": "Daisy",
		"type": "Dog",
		"breed": "Poodle",
		"ageMonths": 30,
		"gender": "Female",
		"description": "Daisy is a smart and elegant poodle who loves to learn new tricks. Hypoallergenic!",
		"imageUrl": "https://cdn-icons-png.flaticon.com/512/8876/8876600.png",
		"price": 375.00,
		"houseTrained": 1
	},
	{
		"id": 11,
		"name": "Shadow",
		"type": "Cat",
		"breed": "Black Shorthair",
		"ageMonths": 42,
		"gender": "Male",
		"description": "Shadow is a mysterious and independent cat who enjoys quiet spaces and occasional cuddles.",
		"imageUrl": "https://cdn-icons-png.freepik.com/256/6988/6988878.png?semt=ais_hybrid",
		"price": 175.00,
		"houseTrained": 1
	},
	{
		"id": 12,
		"name": "Kiwi",
		"type": "Bird",
		"breed": "Lovebird",
		"ageMonths": 8,
		"gender": "Female",
		"description": "Kiwi is a small but spirited lovebird who brings joy with her playful personality.",
		"imageUrl": "https://cdn-icons-png.flaticon.com/512/760/760921.png",
		"price": 85.00,
		"houseTrained": 0
	},
	{
		"id": 13,
		"name": "Cooper",
		"type": "Dog",
		"breed": "Labrador",
		"ageMonths": 10,
		"gender": "Male",
		"description": "Cooper is a puppy full of energy and love. He's learning quickly and loves water!",
		"imageUrl": "https://cdn-icons-png.flaticon.com/512/8876/8876600.png",
		"price": 450.00,
		"houseTrained": 0
	},
	{
		"id": 14,
		"name": "Willow",
		"type": "Cat",
		"breed": "Ragdoll",
		"ageMonths": 24,
		"gender": "Female",
		"description": "Willow is a gentle soul who loves to follow her humans around and give soft purrs.",
		"imageUrl": "https://cdn-icons-png.freepik.com/256/6988/6988878.png?semt=ais_hybrid",
		"price": 300.00,
		"houseTrained": 1
	},
	{
		"id": 15,
		"name": "Sunny",
		"type": "Bird",
		"breed": "Canary",
		"ageMonths": 6,
		"gender": "Male",
		"description": "Sunny brightens any room with his beautiful songs and yellow feathers.",
		"imageUrl": "https://cdn-icons-png.flaticon.com/512/760/760921.png",
		"price": 65.00,
		"houseTrained": 0
	},
	{
		"id": 16,
		"name": "Zeus",
		"type": "Dog",
		"breed": "Great Dane",
		"ageMonths": 36,
		"gender": "Male",
		"description": "Zeus is a gentle giant who thinks he's a lap dog. Great with kids despite his size.",
		"imageUrl": "https://cdn-icons-png.flaticon.com/512/8876/8876600.png",
		"price": 425.00,
		"houseTrained": 1
	},
	{
		"id": 17,
		"name": "Pepper",
		"type": "Cat",
		"breed": "Scottish Fold",
		"ageMonths": 18,
		"gender": "Female",
		"description": "Pepper is a unique-looking cat with folded ears and a sweet personality.",
		"imageUrl": "https://cdn-icons-png.freepik.com/256/6988/6988878.png?semt=ais_hybrid",
		"price": 325.00,
		"houseTrained": 1
	},
	{
		"id": 18,
		"name": "Blueberry",
		"type": "Bird",
		"breed": "Parakeet",
		"ageMonths": 4,
		"gender": "Female",
		"description": "Blueberry is a young, energetic parakeet who loves mirrors and bell toys.",
		"imageUrl": "https://cdn-icons-png.flaticon.com/512/760/760921.png",
		"price": 50.00,
		"houseTrained": 0
	},
	{
		"id": 19,
		"name": "Ruby",
		"type": "Dog",
		"breed": "Chihuahua",
		"ageMonths": 72,
		"gender": "Female",
		"description": "Ruby is a tiny dog with a big personality. Perfect for apartment living.",
		"imageUrl": "https://cdn-icons-png.flaticon.com/512/8876/8876600.png",
		"price": 250.00,
		"houseTrained": 1
	},
	{
		"id": 20,
		"name": "Tiger",
		"type": "Cat",
		"breed": "Bengal",
		"ageMonths": 20,
		"gender": "Male",
		"description": "Tiger has beautiful spotted markings and endless energy. Needs an active home.",
		"imageUrl": "https://cdn-icons-png.freepik.com/256/6988/6988878.png?semt=ais_hybrid",
		"price": 400.00,
		"houseTrained": 1
	}
]