[
	{
		"id": 1,
		"name": "Neer",
		"type": "Dog",
		"breed": "Golden Retriever",
		"ageMonths": 24,
		"gender": "Male",
		"description": "Neer is a friendly, energetic dog who loves to play fetch and go for long walks. Great with children!",
		"imageUrl": "https://png.pngtree.com/png-vector/20230728/ourmid/pngtree-chiwawa-clipart-chihuahua-cartoon-character-vector-png-image_6799003.png",
		"price": 350.00,
		"houseTrained": 1
	},
	{
		"id": 2,
		"name": "Lunala",
		"type": "Cat",
		"breed": "Siamese",
		"ageMonths": 36,
		"gender": "Female",
		"description": "Lunala is a quiet and affectionate cat who loves to curl up in laps. Perfect for a calm household.",
		"imageUrl": "https://easydrawingguides.com/wp-content/uploads/2022/10/how-to-draw-a-sphynx-cat-featured-image-1200.png",
		"price": 200.00,
		"houseTrained": 1
	},
	{
		"id": 3,
		"name": "Freddy",
		"type": "Bird",
		"breed": "Budgie",
		"ageMonths": 12,
		"gender": "Male",
		"description": "Freddy is a cheerful budgie who loves to whistle and interact with people.",
		"imageUrl": "https://ih1.redbubble.net/image.3033349572.4588/raf,360x360,075,t,fafafa:ca443f4786.jpg",
		"price": 75.00,
		"houseTrained": 0
	},
	{
		"id": 4,
		"name": "Bonnie",
		"type": "Dog",
		"breed": "Beagle",
		"ageMonths": 48,
		"gender": "Female",
		"description": "Bonnie is a sweet and gentle dog who loves treats and belly rubs. Good with other pets.",
		"imageUrl": "https://png.pngtree.com/png-vector/20230728/ourmid/pngtree-chiwawa-clipart-chihuahua-cartoon-character-vector-png-image_6799003.png",
		"price": 300.00,
		"houseTrained": 1
	},
	{
		"id": 5,
		"name": "Oli",
		"type": "Cat",
		"breed": "Maine Coon",
		"ageMonths": 28,
		"gender": "Male",
		"description": "Oli is a playful and large cat who enjoys climbing and playing with toys.",
		"imageUrl": "https://easydrawingguides.com/wp-content/uploads/2022/10/how-to-draw-a-sphynx-cat-featured-image-1200.png",
		"price": 250.00,
		"houseTrained": 1
	},
	{
		"id": 6,
		"name": "Polly",
		"type": "Bird",
		"breed": "Cockatiel",
		"ageMonths": 15,
		"gender": "Female",
		"description": "Polly is a social bird who loves to sing and be around people.",
		"imageUrl": "https://ih1.redbubble.net/image.3033349572.4588/raf,360x360,075,t,fafafa:ca443f4786.jpg",
		"price": 125.00,
		"houseTrained": 0
	},
	{
		"id": 7,
		"name": "Karl",
		"type": "Dog",
		"breed": "German Shepherd",
		"ageMonths": 18,
		"gender": "Male",
		"description": "Karl is an intelligent and loyal dog, where no lock is safe. Great guard dog potential.",
		"imageUrl": "https://png.pngtree.com/png-vector/20230728/ourmid/pngtree-chiwawa-clipart-chihuahua-cartoon-character-vector-png-image_6799003.png",
		"price": 400.00,
		"houseTrained": 1
	},
	{
		"id": 8,
		"name": "Xerxes",
		"type": "Cat",
		"breed": "Persian",
		"ageMonths": 60,
		"gender": "Male",
		"description": "Xerxes is a Persian who is slightly narcassistic. Good as an only pet.",
		"imageUrl": "https://easydrawingguides.com/wp-content/uploads/2022/10/how-to-draw-a-sphynx-cat-featured-image-1200.png",
		"price": 275.00,
		"houseTrained": 1
	},
	{
		"id": 9,
		"name": "Rio",
		"type": "Bird",
		"breed": "Parrot",
		"ageMonths": 24,
		"gender": "Male",
		"description": "Rio is a colorful and talkative parrot who knows several words and loves attention.",
		"imageUrl": "https://ih1.redbubble.net/image.3033349572.4588/raf,360x360,075,t,fafafa:ca443f4786.jpg",
		"price": 150.00,
		"houseTrained": 0
	},
	{
		"id": 10,
		"name": "Daisy",
		"type": "Dog",
		"breed": "King Cavalier Spaniel",
		"ageMonths": 30,
		"gender": "Female",
		"description": "Daisy is a miniature dog who can jump up to 6 feet off the ground (she is barely a foot tall). Hypoallergenic!",
		"imageUrl": "https://png.pngtree.com/png-vector/20230728/ourmid/pngtree-chiwawa-clipart-chihuahua-cartoon-character-vector-png-image_6799003.png",
		"price": 375.00,
		"houseTrained": 1
	},
	{
		"id": 11,
		"name": "Knight",
		"type": "Cat",
		"breed": "Bombay",
		"ageMonths": 42,
		"gender": "Male",
		"description": "Knight is a stealthy and pretador-like cat who enjoys solitude. May go out hunting between sundown and midnight.",
		"imageUrl": "https://easydrawingguides.com/wp-content/uploads/2022/10/how-to-draw-a-sphynx-cat-featured-image-1200.png",
		"price": 175.00,
		"houseTrained": 0
	},
	{
		"id": 12,
		"name": "Kiwi",
		"type": "Bird",
		"breed": "Lovebird",
		"ageMonths": 8,
		"gender": "Female",
		"description": "Kiwi is a small but spirited lovebird who brings joy with her playful personality.",
		"imageUrl": "https://ih1.redbubble.net/image.3033349572.4588/raf,360x360,075,t,fafafa:ca443f4786.jpg",
		"price": 85.00,
		"houseTrained": 0
	},
	{
		"id": 13,
		"name": "Cooper",
		"type": "Dog",
		"breed": "Labrador",
		"ageMonths": 10,
		"gender": "Male",
		"description": "Cooper is a puppy full of energy and love. He's learning quickly and loves water!",
		"imageUrl": "https://png.pngtree.com/png-vector/20230728/ourmid/pngtree-chiwawa-clipart-chihuahua-cartoon-character-vector-png-image_6799003.png",
		"price": 450.00,
		"houseTrained": 0
	},
	{
		"id": 14,
		"name": "Hallow",
		"type": "Cat",
		"breed": "Ragdoll",
		"ageMonths": 24,
		"gender": "Female",
		"description": "Hallow is a gentle soul who loves to follow her humans around and give soft purrs.",
		"imageUrl": "https://easydrawingguides.com/wp-content/uploads/2022/10/how-to-draw-a-sphynx-cat-featured-image-1200.png",
		"price": 300.00,
		"houseTrained": 1
	},
	{
		"id": 15,
		"name": "Sunny",
		"type": "Bird",
		"breed": "Canary",
		"ageMonths": 6,
		"gender": "Male",
		"description": "Sunny brightens any room with his beautiful songs and yellow feathers.",
		"imageUrl": "https://ih1.redbubble.net/image.3033349572.4588/raf,360x360,075,t,fafafa:ca443f4786.jpg",
		"price": 65.00,
		"houseTrained": 0
	},
	{
		"id": 16,
		"name": "Chewy ",
		"type": "Dog",
		"breed": "Huskey",
		"ageMonths": 18,
		"gender": "Male",
		"description": "Chewy is an airheaded giant who thinks he's a Chihuahua. Great with kids despite his size. Can topple a full sized adult when on hind legs.",
		"imageUrl": "https://png.pngtree.com/png-vector/20230728/ourmid/pngtree-chiwawa-clipart-chihuahua-cartoon-character-vector-png-image_6799003.png",
		"price": 425.00,
		"houseTrained": 1
	},
	{
		"id": 17,
		"name": "Grayson",
		"type": "Cat",
		"breed": "British Shorthair",
		"ageMonths": 18,
		"gender": "Male",
		"description": "Grayson is an average cat with perky ears and a fluffy body.",
		"imageUrl": "https://easydrawingguides.com/wp-content/uploads/2022/10/how-to-draw-a-sphynx-cat-featured-image-1200.png",
		"price": 325.00,
		"houseTrained": 1
	},
	{
		"id": 18,
		"name": "Strawberry",
		"type": "Bird",
		"breed": "Parakeet",
		"ageMonths": 4,
		"gender": "Female",
		"description": "Strawberry is a young, energetic parakeet who tries to fight the bird in the mirror.",
		"imageUrl": "https://ih1.redbubble.net/image.3033349572.4588/raf,360x360,075,t,fafafa:ca443f4786.jpg",
		"price": 50.00,
		"houseTrained": 0
	},
	{
		"id": 19,
		"name": "Ruby",
		"type": "Dog",
		"breed": "Chihuahua",
		"ageMonths": 48,
		"gender": "Female",
		"description": "Ruby is a tiny dog with a big personality. Will shake violently when she sees rabbits.",
		"imageUrl": "https://png.pngtree.com/png-vector/20230728/ourmid/pngtree-chiwawa-clipart-chihuahua-cartoon-character-vector-png-image_6799003.png",
		"price": 250.00,
		"houseTrained": 1
	},
	{
		"id": 20,
		"name": "Tiger",
		"type": "Cat",
		"breed": "Toyger",
		"ageMonths": 20,
		"gender": "Male",
		"description": "Tiger has beautiful spotted markings and endless energy. Needs an active home.",
		"imageUrl": "https://easydrawingguides.com/wp-content/uploads/2022/10/how-to-draw-a-sphynx-cat-featured-image-1200.png",
		"price": 400.00,
		"houseTrained": 1
	},
	{
		"id": 21,
		"name": "Tula",
		"type": "Bird",
		"breed": "Cockateil",
		"ageMonths": 4,
		"gender": "Female",
		"description": "Tula is a beautifully colored bird with a firey personality. Likes to give love pecks/bites",
		"imageUrl": "https://easydrawingguides.com/wp-content/uploads/2022/10/how-to-draw-a-sphynx-cat-featured-image-1200.png",
		"price": 75.00,
		"houseTrained": 0
	},
	{
		"id": 22,
		"name": "Rose",
		"type": "Dog",
		"breed": "Super Mutt",
		"ageMonths": 36,
		"gender": "Female",
		"description": "Rose is a smaller dog with a goofy personality. Needs medication for anxiety.",
		"imageUrl": "https://png.pngtree.com/png-vector/20230728/ourmid/pngtree-chiwawa-clipart-chihuahua-cartoon-character-vector-png-image_6799003.png",
		"price": 400.00,
		"houseTrained": 0
	},
	{
		"id": 23,
		"name": "Valentine",
		"type": "Cat",
		"breed": "Sphynx",
		"ageMonths": 20,
		"gender": "Female",
		"description": "Valenitne (also called V) was named because of her heart-shaped birthmark. Does not like to have sleep interrupted.",
		"imageUrl": "https://easydrawingguides.com/wp-content/uploads/2022/10/how-to-draw-a-sphynx-cat-featured-image-1200.png",
		"price": 150.00,
		"houseTrained": 1
	}

]